timestamp,repo_name,repo_url,file_changed,event_type,status,message
2026-04-18 15:38:18,GitHub AutoPush Analytics,https://github.com/deka1105/GitHub-AutoPush-Analytics.git,auto_git_push.py,created,success,Branch 'main' set up to track remote branch 'main' from 'origin'.--END--
2026-04-18 15:39:03,GitHub AutoPush Analytics,https://github.com/deka1105/GitHub-AutoPush-Analytics.git,push_analytics.html,created,success,Branch 'main' set up to track remote branch 'main' from 'origin'.--END--
2026-04-18 15:39:08,GitHub AutoPush Analytics,https://github.com/deka1105/GitHub-AutoPush-Analytics.git,auto_git_push.py,deleted,success,Branch 'main' set up to track remote branch 'main' from 'origin'.--END--
2026-04-18 15:39:28,GitHub AutoPush Analytics,https://github.com/deka1105/GitHub-AutoPush-Analytics.git,push_analytics.html,modified,success,Branch 'main' set up to track remote branch 'main' from 'origin'.--END--
2026-04-18 15:40:25,GitHub AutoPush Analytics,https://github.com/deka1105/GitHub-AutoPush-Analytics.git,push_analytics.html,modified,success,Branch 'main' set up to track remote branch 'main' from 'origin'.--END--
2026-04-18 15:42:56,GitHub AutoPush Analytics,https://github.com/deka1105/GitHub-AutoPush-Analytics.git,push_analytics.html,modified,success,Branch 'main' set up to track remote branch 'main' from 'origin'.--END--
2026-04-18 15:44:18,GitHub AutoPush Analytics,https://github.com/deka1105/GitHub-AutoPush-Analytics.git,README.md,deleted,success,Branch 'main' set up to track remote branch 'main' from 'origin'.--END--
2026-04-18 15:47:29,GitHub AutoPush Analytics,https://github.com/deka1105/GitHub-AutoPush-Analytics.git,push_log.csv,moved,success,Branch 'main' set up to track remote branch 'main' from 'origin'.--END--
2026-04-18 15:48:05,GitHub AutoPush Analytics,https://github.com/deka1105/GitHub-AutoPush-Analytics.git,push_log.csv,created,success,Branch 'main' set up to track remote branch 'main' from 'origin'.--END--
2026-04-18 16:18:44,GitHub AutoPush Analytics,https://github.com/deka1105/GitHub-AutoPush-Analytics.git,README (1).md,created,success,Branch 'main' set up to track remote branch 'main' from 'origin'.--END--
2026-04-18 16:43:42,MultistockDashboard,https://github.com/deka1105/MultistockDashboard.git,Files/stockdash/.gitignore,created,success,Branch 'main' set up to track remote branch 'main' from 'origin'.--END--
2026-04-18 16:57:58,GitHub AutoPush Analytics,https://github.com/deka1105/GitHub-AutoPush-Analytics.git,autoGitv3.zip,created,success,Branch 'main' set up to track remote branch 'main' from 'origin'.--END--
2026-04-18 16:58:53,GitHub AutoPush Analytics,https://github.com/deka1105/GitHub-AutoPush-Analytics.git,autoGit.zip,created,success,Branch 'main' set up to track remote branch 'main' from 'origin'.--END--
2026-04-19 01:57:21,GitHub AutoPush Analytics,https://github.com/deka1105/GitHub-AutoPush-Analytics.git,push_analyticsv5.html,created,success,Branch 'main' set up to track remote branch 'main' from 'origin'.--END--
2026-04-19 02:04:43,GitHub AutoPush Analytics,https://github.com/deka1105/GitHub-AutoPush-Analytics.git,push_analyticsv6.html,created,success,Branch 'main' set up to track remote branch 'main' from 'origin'.--END--
2026-04-19 02:04:51,GitHub AutoPush Analytics,https://github.com/deka1105/GitHub-AutoPush-Analytics.git,push_analyticsv6.html,modified,success,Branch 'main' set up to track remote branch 'main' from 'origin'.--END--
2026-04-19 02:24:24,GitHub AutoPush Analytics,https://github.com/deka1105/GitHub-AutoPush-Analytics.git,push_analyticsv7.html,created,success,Branch 'main' set up to track remote branch 'main' from 'origin'.--END--
2026-04-19 02:32:02,GitHub AutoPush Analytics,https://github.com/deka1105/GitHub-AutoPush-Analytics.git,push_analyticsv9.html,created,success,Branch 'main' set up to track remote branch 'main' from 'origin'.--END--
2026-04-19 02:32:14,GitHub AutoPush Analytics,https://github.com/deka1105/GitHub-AutoPush-Analytics.git,push_analyticsv9.html,modified,success,Branch 'main' set up to track remote branch 'main' from 'origin'.--END--
2026-04-19 02:40:30,GitHub AutoPush Analytics,https://github.com/deka1105/GitHub-AutoPush-Analytics.git,push_analyticsv10.html,created,success,Branch 'main' set up to track remote branch 'main' from 'origin'.--END--
2026-04-19 02:40:40,GitHub AutoPush Analytics,https://github.com/deka1105/GitHub-AutoPush-Analytics.git,push_analyticsv10.html,modified,success,Branch 'main' set up to track remote branch 'main' from 'origin'.--END--
2026-04-19 02:46:56,GitHub AutoPush Analytics,https://github.com/deka1105/GitHub-AutoPush-Analytics.git,push_analyticsv11.html,created,success,Branch 'main' set up to track remote branch 'main' from 'origin'.--END--
2026-04-19 02:47:13,GitHub AutoPush Analytics,https://github.com/deka1105/GitHub-AutoPush-Analytics.git,README.md,moved,success,Branch 'main' set up to track remote branch 'main' from 'origin'.--END--
2026-04-19 02:47:29,GitHub AutoPush Analytics,https://github.com/deka1105/GitHub-AutoPush-Analytics.git,README.md,created,success,Branch 'main' set up to track remote branch 'main' from 'origin'.--END--
2026-04-19 09:24:07,GitHub AutoPush Analytics,https://github.com/deka1105/GitHub-AutoPush-Analytics.git,push_analyticsv12.html,created,success,Branch 'main' set up to track remote branch 'main' from 'origin'.--END--
2026-04-19 17:06:07,GitHub AutoPush Analytics,https://github.com/deka1105/GitHub-AutoPush-Analytics.git,push_analyticsv13.html,created,success,Branch 'main' set up to track remote branch 'main' from 'origin'.--END--
2026-04-19 17:20:03,GitHub AutoPush Analytics,https://github.com/deka1105/GitHub-AutoPush-Analytics.git,push_analyticsv14.html,created,success,Branch 'main' set up to track remote branch 'main' from 'origin'.--END--
2026-04-19 17:20:13,GitHub AutoPush Analytics,https://github.com/deka1105/GitHub-AutoPush-Analytics.git,push_analyticsv14.html,modified,success,Branch 'main' set up to track remote branch 'main' from 'origin'.--END--
2026-04-19 17:24:43,GitHub AutoPush Analytics,https://github.com/deka1105/GitHub-AutoPush-Analytics.git,push_analyticsv14_1.html,created,success,Branch 'main' set up to track remote branch 'main' from 'origin'.--END-- 
2026-04-19 17:29:58,GitHub AutoPush Analytics,https://github.com/deka1105/GitHub-AutoPush-Analytics.git,push_analyticsv15.html,created,success,Branch 'main' set up to track remote branch 'main' from 'origin'.--END--
2026-04-19 17:30:10,GitHub AutoPush Analytics,https://github.com/deka1105/GitHub-AutoPush-Analytics.git,push_analyticsv15.html,modified,success,Branch 'main' set up to track remote branch 'main' from 'origin'.--END--
2026-04-19 17:59:41,GitHub AutoPush Analytics,https://github.com/deka1105/GitHub-AutoPush-Analytics.git,auto_git_pushv4.py,created,success,Branch 'main' set up to track remote branch 'main' from 'origin'.--END--
2026-04-19 18:07:23,MultistockDashboard,https://github.com/deka1105/MultistockDashboard.git,Files/stockdash-2/.gitignore,created,success,"auto-push: .DS_Store, .DS_Store, .gitignore [2026-04-19 18:07:22]"--END--
2026-04-19 18:07:24,GitHub AutoPush Analytics,https://github.com/deka1105/GitHub-AutoPush-Analytics.git,push_log.csv,modified,success,"auto-push: auto_git_pushv4.py, push_log.csv [2026-04-19 18:07:23]"--END--
2026-04-19 18:07:33,MultistockDashboard,https://github.com/deka1105/MultistockDashboard.git,Files/stockdash2/.gitignore,created,success,auto-push: 61 files changed [2026-04-19 18:07:31]--END--
2026-04-19 18:07:34,GitHub AutoPush Analytics,https://github.com/deka1105/GitHub-AutoPush-Analytics.git,push_log.csv,modified,success,auto-push: push_log.csv [2026-04-19 18:07:33]--END--
2026-04-19 18:08:47,MultistockDashboard,https://github.com/deka1105/MultistockDashboard.git,Files/stockdash2-3/.gitignore,created,success,auto-push: 61 files changed [2026-04-19 18:08:45]--END--
2026-04-19 18:08:48,GitHub AutoPush Analytics,https://github.com/deka1105/GitHub-AutoPush-Analytics.git,push_log.csv,modified,success,auto-push: push_log.csv [2026-04-19 18:08:47]--END--
2026-04-19 18:10:18,PlayBooks,https://github.com/deka1105/Playbooks.git,gitLogs.csv,created,failed,"fatal: 'github.com/deka1105/Playbooks' does not appear to be a git repository /n fatal: Could not read from remote repository. /n Please make sure you have the correct access rights and the repository exists."--END--
2026-04-19 18:10:20,GitHub AutoPush Analytics,https://github.com/deka1105/GitHub-AutoPush-Analytics.git,push_log.csv,modified,success,auto-push: push_log.csv [2026-04-19 18:10:18]--END--
2026-04-19 18:11:06,PlayBooks,https://github.com/deka1105/Playbooks.git,git-history.txt,created,failed,"fatal: 'github.com/deka1105/Playbooks' does not appear to be a git repository /n fatal: Could not read from remote repository. /n Please make sure you have the correct access rights and the repository exists."--END--
2026-04-19 18:11:07,GitHub AutoPush Analytics,https://github.com/deka1105/GitHub-AutoPush-Analytics.git,push_log.csv,modified,success,auto-push: push_log.csv [2026-04-19 18:11:06]--END--
2026-04-19 21:38:37,GitHub AutoPush Analytics,https://github.com/deka1105/GitHub-AutoPush-Analytics.git,push_analyticsv16.html,created,success,"auto-push: push_analyticsv16.html, push_log.csv [2026-04-19 21:38:36]"--END--
2026-04-19 22:48:48,MultistockDashboard,https://github.com/deka1105/MultistockDashboard.git,Files/stockdash2-2/frontend/tsconfig.node.json,created,success,auto-push: 62 files changed [2026-04-19 22:48:46]--END--
2026-04-19 22:48:50,GitHub AutoPush Analytics,https://github.com/deka1105/GitHub-AutoPush-Analytics.git,push_log.csv,modified,success,auto-push: push_log.csv [2026-04-19 22:48:48]--END--
2026-04-19 23:30:17,PlayBooks,https://github.com/deka1105/Playbooks.git,clicker.py,created,failed,"fatal: 'github.com/deka1105/Playbooks' does not appear to be a git repository /n fatal: Could not read from remote repository. /n Please make sure you have the correct access rights and the repository exists."--END--
2026-04-19 23:30:19,GitHub AutoPush Analytics,https://github.com/deka1105/GitHub-AutoPush-Analytics.git,push_log.csv,modified,success,auto-push: push_log.csv [2026-04-19 23:30:17]--END--
2026-04-19 23:32:30,PlayBooks,https://github.com/deka1105/Playbooks.git,clicker.py,modified,failed,"fatal: 'github.com/deka1105/Playbooks' does not appear to be a git repository /n fatal: Could not read from remote repository. /n Please make sure you have the correct access rights and the repository exists."--END--
2026-04-19 23:32:31,GitHub AutoPush Analytics,https://github.com/deka1105/GitHub-AutoPush-Analytics.git,push_log.csv,modified,success,auto-push: push_log.csv [2026-04-19 23:32:30]--END--
2026-04-20 06:57:31,GitHub AutoPush Analytics,https://github.com/deka1105/GitHub-AutoPush-Analytics.git,push_analyticsv17.html,created,success,"auto-push: push_analyticsv17.html, push_log.csv [2026-04-20 06:57:29]"--END--
2026-04-20 07:08:33,PlayBooks,https://github.com/deka1105/Playbooks.git,clicker.py,modified,failed,"fatal: 'github.com/deka1105/Playbooks' does not appear to be a git repository /n fatal: Could not read from remote repository. /n Please make sure you have the correct access rights and the repository exists."--END--
2026-04-20 07:08:34,GitHub AutoPush Analytics,https://github.com/deka1105/GitHub-AutoPush-Analytics.git,push_log.csv,modified,success,auto-push: push_log.csv [2026-04-20 07:08:33]--END--
2026-04-20 07:15:31,PlayBooks,https://github.com/deka1105/Playbooks.git,clicker.py,modified,failed,"fatal: 'github.com/deka1105/Playbooks' does not appear to be a git repository /n fatal: Could not read from remote repository. /n Please make sure you have the correct access rights and the repository exists."--END--
2026-04-20 07:15:32,GitHub AutoPush Analytics,https://github.com/deka1105/GitHub-AutoPush-Analytics.git,push_log.csv,modified,success,auto-push: push_log.csv [2026-04-20 07:15:31]--END--
2026-04-20 07:24:10,PlayBooks,https://github.com/deka1105/Playbooks.git,clicker.py,modified,failed,"fatal: 'github.com/deka1105/Playbooks' does not appear to be a git repository /n fatal: Could not read from remote repository. /n Please make sure you have the correct access rights and the repository exists."--END--
2026-04-20 07:24:11,GitHub AutoPush Analytics,https://github.com/deka1105/GitHub-AutoPush-Analytics.git,push_log.csv,modified,success,auto-push: push_log.csv [2026-04-20 07:24:10]
2026-04-20 08:26:48,PlayBooks,https://github.com/deka1105/Playbooks.git,"DS_Store, licker.py",startup-sync,failed,"fatal: 'github.com/deka1105/Playbooks' does not appear to be a git repository /n fatal: Could not read from remote repository. /n Please make sure you have the correct access rights and the repository exists. --END--"
2026-04-20 08:26:48,GitHub AutoPush Analytics,https://github.com/deka1105/GitHub-AutoPush-Analytics.git,"ush_log.csv, auto_git_pushv5.py, auto_git_pushv6.py, push_analyticsv17_1.html, push_analyticsv18.html",startup-sync,failed,"To https://github.com/deka1105/GitHub-AutoPush-Analytics.git  /n ! [rejected]        HEAD -> main (fetch first) /n error: failed to push some refs to 'https://github.com/deka1105/GitHub-AutoPush-Analytics.git' /n hint: Updates were rejected because the remote contains work that you do /n hint: not have locally. This is usually caused by another repository pushing /n hint: to the same ref. You may want to first integrate the remote changes /n hint: (e.g., 'git pull ...') before pushing again. /n hint: See the 'Note about fast-forwards' in 'git push --help' for details. --END--"
2026-04-20 08:26:50,GitHub AutoPush Analytics,https://github.com/deka1105/GitHub-AutoPush-Analytics.git,push_log.csv,modified,failed,"To https://github.com/deka1105/GitHub-AutoPush-Analytics.git /n  ! [rejected]        HEAD -> main (non-fast-forward) /n error: failed to push some refs to 'https://github.com/deka1105/GitHub-AutoPush-Analytics.git' /n hint: Updates were rejected because the tip of your current branch is behind /n hint: its remote counterpart. Integrate the remote changes (e.g. /n hint: 'git pull ...') before pushing again. /n hint: See the 'Note about fast-forwards' in 'git push --help' for details. --END--"
2026-04-20 08:27:47,GitHub AutoPush Analytics,https://github.com/deka1105/GitHub-AutoPush-Analytics.git,push_log.csv,deleted,success,auto-push: push_log.csv [2026-04-20 08:27:45] --END--
2026-04-20 08:37:43,GitHub AutoPush Analytics,https://github.com/deka1105/GitHub-AutoPush-Analytics.git,push_log.csv,modified,success,auto-push: push_log.csv [2026-04-20 08:37:42] --END--
2026-04-20 10:55:35,GitHub AutoPush Analytics,https://github.com/deka1105/GitHub-AutoPush-Analytics.git,push_log.csv,modified,success,auto-push: push_log.csv [2026-04-20 10:55:32] --END--
2026-04-20 10:55:43,GitHub AutoPush Analytics,https://github.com/deka1105/GitHub-AutoPush-Analytics.git,push_log.csv,modified,success,auto-push: push_log.csv [2026-04-20 10:55:41] --END--
2026-04-20 11:19:03,GitHub AutoPush Analytics,https://github.com/deka1105/GitHub-AutoPush-Analytics.git,push_analyticsv18.html,deleted,success,auto-push: push_analyticsv18.html [2026-04-20 11:19:01] --END--
2026-04-20 14:43:02,GitHub AutoPush Analytics,https://github.com/deka1105/GitHub-AutoPush-Analytics.git,push_analyticsv18_5.html,created,success,"auto-push: push_analyticsv18_5.html, push_log.csv [2026-04-20 14:43:01] --END--"
2026-04-21 00:21:00,GitHub AutoPush Analytics,https://github.com/deka1105/GitHub-AutoPush-Analytics.git,push_analyticsv20.html,created,success,"auto-push: READMEv20.md, favicon.png, push_analyticsv20.html, push_log.csv [2026-04-21 00:20:58] --END--"
2026-04-21 00:21:59,GitHub AutoPush Analytics,https://github.com/deka1105/GitHub-AutoPush-Analytics.git,README.md,moved,success,"auto-push: READMEv12.md, push_log.csv [2026-04-21 00:21:58] --END--"
2026-04-21 00:22:07,GitHub AutoPush Analytics,https://github.com/deka1105/GitHub-AutoPush-Analytics.git,READMEv20.md,moved,success,"auto-push: README.md, push_log.csv [2026-04-21 00:22:06] --END--"
2026-04-21 11:52:34,GitHub AutoPush Analytics,https://github.com/deka1105/GitHub-AutoPush-Analytics.git,repos_config.csv,modified,success,auto-push: repos_config.csv [2026-04-21 11:52:33] --END--
2026-04-21 11:54:39,WarehouseFlow,https://github.com/deka1105/WarehouseFlow.git,app.py,created,success,"auto-push: .DS_Store, app.py [2026-04-21 11:54:38] --END--"
2026-04-21 11:54:41,GitHub AutoPush Analytics,https://github.com/deka1105/GitHub-AutoPush-Analytics.git,push_log.csv,modified,success,auto-push: push_log.csv [2026-04-21 11:54:39] --END--
2026-04-21 11:54:58,WarehouseFlow,https://github.com/deka1105/WarehouseFlow.git,templates/index.html,created,success,"auto-push: .DS_Store, index.html [2026-04-21 11:54:56] --END--"
2026-04-21 11:54:59,GitHub AutoPush Analytics,https://github.com/deka1105/GitHub-AutoPush-Analytics.git,push_log.csv,modified,success,auto-push: push_log.csv [2026-04-21 11:54:58] --END--
2026-04-21 11:55:16,WarehouseFlow,https://github.com/deka1105/WarehouseFlow.git,templates/requests.html,created,success,auto-push: requests.html [2026-04-21 11:55:14] --END--
2026-04-21 11:55:17,GitHub AutoPush Analytics,https://github.com/deka1105/GitHub-AutoPush-Analytics.git,push_log.csv,modified,success,auto-push: push_log.csv [2026-04-21 11:55:16] --END--
2026-04-21 11:56:11,WarehouseFlow,https://github.com/deka1105/WarehouseFlow.git,static/style.css,created,success,"auto-push: .DS_Store, style.css [2026-04-21 11:56:09] --END--"
2026-04-21 11:56:12,GitHub AutoPush Analytics,https://github.com/deka1105/GitHub-AutoPush-Analytics.git,push_log.csv,modified,success,auto-push: push_log.csv [2026-04-21 11:56:11] --END--
2026-04-21 11:56:27,WarehouseFlow,https://github.com/deka1105/WarehouseFlow.git,templates/index.html,modified,success,auto-push: .DS_Store [2026-04-21 11:56:26] --END--
2026-04-21 11:56:29,GitHub AutoPush Analytics,https://github.com/deka1105/GitHub-AutoPush-Analytics.git,push_log.csv,modified,success,auto-push: push_log.csv [2026-04-21 11:56:28] --END--
2026-04-21 11:57:38,WarehouseFlow,https://github.com/deka1105/WarehouseFlow.git,build_app.py,created,success,auto-push: build_app.py [2026-04-21 11:57:36] --END--
2026-04-21 11:57:39,GitHub AutoPush Analytics,https://github.com/deka1105/GitHub-AutoPush-Analytics.git,push_log.csv,modified,success,auto-push: push_log.csv [2026-04-21 11:57:38] --END--
2026-04-21 11:59:29,WarehouseFlow,https://github.com/deka1105/WarehouseFlow.git,requests.csv,created,success,auto-push: requests.csv [2026-04-21 11:59:28] --END--
2026-04-21 11:59:30,GitHub AutoPush Analytics,https://github.com/deka1105/GitHub-AutoPush-Analytics.git,push_log.csv,modified,success,auto-push: push_log.csv [2026-04-21 11:59:29] --END--
2026-04-21 12:02:33,WarehouseFlow,https://github.com/deka1105/WarehouseFlow.git,static/script.js,created,success,auto-push: script.js [2026-04-21 12:02:32] --END--
2026-04-21 12:02:35,GitHub AutoPush Analytics,https://github.com/deka1105/GitHub-AutoPush-Analytics.git,push_log.csv,modified,success,auto-push: push_log.csv [2026-04-21 12:02:33] --END--
2026-04-21 12:07:33,WarehouseFlow,https://github.com/deka1105/WarehouseFlow.git,static/script.js,modified,success,auto-push: script.js [2026-04-21 12:07:32] --END--
2026-04-21 12:07:35,GitHub AutoPush Analytics,https://github.com/deka1105/GitHub-AutoPush-Analytics.git,push_log.csv,modified,success,auto-push: push_log.csv [2026-04-21 12:07:33] --END--
2026-04-21 12:08:12,WarehouseFlow,https://github.com/deka1105/WarehouseFlow.git,static/style.css,modified,success,auto-push: style.css [2026-04-21 12:08:10] --END--
2026-04-21 12:08:13,GitHub AutoPush Analytics,https://github.com/deka1105/GitHub-AutoPush-Analytics.git,push_log.csv,modified,success,auto-push: push_log.csv [2026-04-21 12:08:12] --END--
2026-04-21 12:08:59,WarehouseFlow,https://github.com/deka1105/WarehouseFlow.git,static/style.css,modified,success,auto-push: style.css [2026-04-21 12:08:58] --END--
2026-04-21 12:09:01,GitHub AutoPush Analytics,https://github.com/deka1105/GitHub-AutoPush-Analytics.git,push_log.csv,modified,success,auto-push: push_log.csv [2026-04-21 12:08:59] --END--
2026-04-21 12:29:29,WarehouseFlow,https://github.com/deka1105/WarehouseFlow.git,templates/index.html,moved,success,auto-push: indexv1.html [2026-04-21 12:29:27] --END--
2026-04-21 12:29:31,GitHub AutoPush Analytics,https://github.com/deka1105/GitHub-AutoPush-Analytics.git,push_log.csv,modified,success,auto-push: push_log.csv [2026-04-21 12:29:29] --END--
2026-04-21 12:29:48,WarehouseFlow,https://github.com/deka1105/WarehouseFlow.git,static/style.css,modified,success,"auto-push: style.css, index.html [2026-04-21 12:29:47] --END--"
2026-04-21 12:29:50,GitHub AutoPush Analytics,https://github.com/deka1105/GitHub-AutoPush-Analytics.git,push_log.csv,modified,success,auto-push: push_log.csv [2026-04-21 12:29:49] --END--
2026-04-21 12:31:19,WarehouseFlow,https://github.com/deka1105/WarehouseFlow.git,static/script.js,modified,success,auto-push: script.js [2026-04-21 12:31:18] --END--
2026-04-21 12:31:21,GitHub AutoPush Analytics,https://github.com/deka1105/GitHub-AutoPush-Analytics.git,push_log.csv,modified,success,auto-push: push_log.csv [2026-04-21 12:31:19] --END--
2026-04-21 12:34:38,WarehouseFlow,https://github.com/deka1105/WarehouseFlow.git,static/style.css,moved,success,auto-push: stylev1.css [2026-04-21 12:34:36] --END--
2026-04-21 12:34:39,GitHub AutoPush Analytics,https://github.com/deka1105/GitHub-AutoPush-Analytics.git,push_log.csv,modified,success,auto-push: push_log.csv [2026-04-21 12:34:38] --END--
2026-04-21 12:34:51,WarehouseFlow,https://github.com/deka1105/WarehouseFlow.git,static/style.css,created,success,auto-push: style.css [2026-04-21 12:34:50] --END--
2026-04-21 12:34:53,GitHub AutoPush Analytics,https://github.com/deka1105/GitHub-AutoPush-Analytics.git,push_log.csv,modified,success,auto-push: push_log.csv [2026-04-21 12:34:51] --END--
2026-04-21 12:35:58,WarehouseFlow,https://github.com/deka1105/WarehouseFlow.git,uploads/20260421_123556_Screenshot_2026-03-30_at_10.27.05_AM.png,created,success,"auto-push: requests.csv, style.css, 20260421_123556_Screenshot_2026-03-30_at_10.27.05_AM.png [2026-04-21 12:35:56] --END--"
2026-04-21 12:35:59,GitHub AutoPush Analytics,https://github.com/deka1105/GitHub-AutoPush-Analytics.git,push_log.csv,modified,success,auto-push: push_log.csv [2026-04-21 12:35:58] --END--
2026-04-21 12:39:33,WarehouseFlow,https://github.com/deka1105/WarehouseFlow.git,app.py,moved,success,"auto-push: .DS_Store, appv1.py [2026-04-21 12:39:31] --END--"
2026-04-21 12:39:35,GitHub AutoPush Analytics,https://github.com/deka1105/GitHub-AutoPush-Analytics.git,push_log.csv,modified,success,auto-push: push_log.csv [2026-04-21 12:39:33] --END--
2026-04-21 12:39:43,WarehouseFlow,https://github.com/deka1105/WarehouseFlow.git,app.py,created,success,"auto-push: .DS_Store, app.py [2026-04-21 12:39:42] --END--"
2026-04-21 12:39:44,GitHub AutoPush Analytics,https://github.com/deka1105/GitHub-AutoPush-Analytics.git,push_log.csv,modified,success,auto-push: push_log.csv [2026-04-21 12:39:43] --END--
2026-04-21 12:40:25,WarehouseFlow,https://github.com/deka1105/WarehouseFlow.git,manage_nodes.html,created,success,auto-push: manage_nodes.html [2026-04-21 12:40:24] --END--
2026-04-21 12:40:27,GitHub AutoPush Analytics,https://github.com/deka1105/GitHub-AutoPush-Analytics.git,push_log.csv,modified,success,auto-push: push_log.csv [2026-04-21 12:40:25] --END--
2026-04-21 12:41:06,WarehouseFlow,https://github.com/deka1105/WarehouseFlow.git,custom_nodes.json,created,success,"auto-push: custom_nodes.json, manage_nodes.html [2026-04-21 12:41:04] --END--"
2026-04-21 12:41:07,GitHub AutoPush Analytics,https://github.com/deka1105/GitHub-AutoPush-Analytics.git,push_log.csv,modified,success,auto-push: push_log.csv [2026-04-21 12:41:06] --END--
2026-04-21 12:41:53,WarehouseFlow,https://github.com/deka1105/WarehouseFlow.git,static/style.css,modified,success,auto-push: style.css [2026-04-21 12:41:51] --END--
2026-04-21 12:41:54,GitHub AutoPush Analytics,https://github.com/deka1105/GitHub-AutoPush-Analytics.git,push_log.csv,modified,success,auto-push: push_log.csv [2026-04-21 12:41:53] --END--
2026-04-21 12:43:29,WarehouseFlow,https://github.com/deka1105/WarehouseFlow.git,app.py,deleted,success,auto-push: app.py [2026-04-21 12:43:28] --END--
2026-04-21 12:43:31,GitHub AutoPush Analytics,https://github.com/deka1105/GitHub-AutoPush-Analytics.git,push_log.csv,modified,success,auto-push: push_log.csv [2026-04-21 12:43:29] --END--
2026-04-21 12:44:27,WarehouseFlow,https://github.com/deka1105/WarehouseFlow.git,templates/index.html,moved,success,auto-push: indexv2.html [2026-04-21 12:44:25] --END--
2026-04-21 12:44:28,GitHub AutoPush Analytics,https://github.com/deka1105/GitHub-AutoPush-Analytics.git,push_log.csv,modified,success,auto-push: push_log.csv [2026-04-21 12:44:27] --END--
2026-04-21 12:44:38,WarehouseFlow,https://github.com/deka1105/WarehouseFlow.git,static/style.css,moved,success,"auto-push: .DS_Store, stylev2.css, index.html [2026-04-21 12:44:37] --END--"
2026-04-21 12:44:40,GitHub AutoPush Analytics,https://github.com/deka1105/GitHub-AutoPush-Analytics.git,push_log.csv,modified,success,auto-push: push_log.csv [2026-04-21 12:44:39] --END--
2026-04-21 12:45:43,WarehouseFlow,https://github.com/deka1105/WarehouseFlow.git,custom_nodes.json,modified,success,"auto-push: custom_nodes.json, style.css [2026-04-21 12:45:41] --END--"
2026-04-21 12:45:44,GitHub AutoPush Analytics,https://github.com/deka1105/GitHub-AutoPush-Analytics.git,push_log.csv,modified,success,auto-push: push_log.csv [2026-04-21 12:45:43] --END--
2026-04-21 12:51:13,WarehouseFlow,https://github.com/deka1105/WarehouseFlow.git,static/style.css,modified,success,auto-push: style.css [2026-04-21 12:51:12] --END--
2026-04-21 12:51:15,GitHub AutoPush Analytics,https://github.com/deka1105/GitHub-AutoPush-Analytics.git,push_log.csv,modified,success,auto-push: push_log.csv [2026-04-21 12:51:13] --END--
2026-04-21 12:51:51,WarehouseFlow,https://github.com/deka1105/WarehouseFlow.git,static/script.js,modified,success,auto-push: script.js [2026-04-21 12:51:49] --END--
2026-04-21 12:51:53,GitHub AutoPush Analytics,https://github.com/deka1105/GitHub-AutoPush-Analytics.git,push_log.csv,modified,success,auto-push: push_log.csv [2026-04-21 12:51:51] --END--
2026-04-21 12:52:28,WarehouseFlow,https://github.com/deka1105/WarehouseFlow.git,templates/index.html,moved,success,auto-push: indexv3.html [2026-04-21 12:52:27] --END--
2026-04-21 12:52:29,GitHub AutoPush Analytics,https://github.com/deka1105/GitHub-AutoPush-Analytics.git,push_log.csv,modified,success,auto-push: push_log.csv [2026-04-21 12:52:28] --END--
2026-04-21 12:53:06,WarehouseFlow,https://github.com/deka1105/WarehouseFlow.git,app.py,moved,success,"auto-push: appv2.py, index.html [2026-04-21 12:53:04] --END--"
2026-04-21 12:53:07,GitHub AutoPush Analytics,https://github.com/deka1105/GitHub-AutoPush-Analytics.git,push_log.csv,modified,success,auto-push: push_log.csv [2026-04-21 12:53:06] --END--
2026-04-21 12:53:13,WarehouseFlow,https://github.com/deka1105/WarehouseFlow.git,nodes.csv,created,success,auto-push: 7 files changed [2026-04-21 12:53:12] --END--
2026-04-21 12:53:15,GitHub AutoPush Analytics,https://github.com/deka1105/GitHub-AutoPush-Analytics.git,push_log.csv,modified,success,auto-push: push_log.csv [2026-04-21 12:53:13] --END--
2026-04-21 12:56:07,WarehouseFlow,https://github.com/deka1105/WarehouseFlow.git,workflows/workflow_20260421_125606.csv,created,success,auto-push: workflow_20260421_125606.csv [2026-04-21 12:56:06] --END--
2026-04-21 12:56:09,GitHub AutoPush Analytics,https://github.com/deka1105/GitHub-AutoPush-Analytics.git,push_log.csv,modified,success,auto-push: push_log.csv [2026-04-21 12:56:07] --END--
2026-04-21 12:57:35,WarehouseFlow,https://github.com/deka1105/WarehouseFlow.git,nodes.csv,modified,success,auto-push: nodes.csv [2026-04-21 12:57:34] --END--
2026-04-21 12:57:36,GitHub AutoPush Analytics,https://github.com/deka1105/GitHub-AutoPush-Analytics.git,push_log.csv,modified,success,auto-push: push_log.csv [2026-04-21 12:57:35] --END--
2026-04-21 12:58:32,WarehouseFlow,https://github.com/deka1105/WarehouseFlow.git,workflows/Custom1.csv,created,success,auto-push: Custom1.csv [2026-04-21 12:58:30] --END--
2026-04-21 12:58:33,GitHub AutoPush Analytics,https://github.com/deka1105/GitHub-AutoPush-Analytics.git,push_log.csv,modified,success,auto-push: push_log.csv [2026-04-21 12:58:32] --END--
2026-04-21 13:08:42,WarehouseFlow,https://github.com/deka1105/WarehouseFlow.git,static/style.css,moved,success,auto-push: stylev3.css [2026-04-21 13:08:40] --END--
2026-04-21 13:08:43,GitHub AutoPush Analytics,https://github.com/deka1105/GitHub-AutoPush-Analytics.git,push_log.csv,modified,success,auto-push: push_log.csv [2026-04-21 13:08:42] --END--
2026-04-21 13:08:55,WarehouseFlow,https://github.com/deka1105/WarehouseFlow.git,static/style.css,created,success,auto-push: style.css [2026-04-21 13:08:54] --END--
2026-04-21 13:08:57,GitHub AutoPush Analytics,https://github.com/deka1105/GitHub-AutoPush-Analytics.git,push_log.csv,modified,success,auto-push: push_log.csv [2026-04-21 13:08:55] --END--
2026-04-21 13:09:06,WarehouseFlow,https://github.com/deka1105/WarehouseFlow.git,templates/index.html,moved,success,auto-push: indexv4.html [2026-04-21 13:09:05] --END--
2026-04-21 13:09:08,GitHub AutoPush Analytics,https://github.com/deka1105/GitHub-AutoPush-Analytics.git,push_log.csv,modified,success,auto-push: push_log.csv [2026-04-21 13:09:06] --END--
2026-04-21 13:09:14,WarehouseFlow,https://github.com/deka1105/WarehouseFlow.git,templates/index.html,created,success,auto-push: index.html [2026-04-21 13:09:13] --END--
2026-04-21 13:09:16,GitHub AutoPush Analytics,https://github.com/deka1105/GitHub-AutoPush-Analytics.git,push_log.csv,modified,success,auto-push: push_log.csv [2026-04-21 13:09:14] --END--
2026-04-21 13:09:32,WarehouseFlow,https://github.com/deka1105/WarehouseFlow.git,workflows/workflow_20260421_130931.csv,created,success,auto-push: workflow_20260421_130931.csv [2026-04-21 13:09:31] --END--
2026-04-21 13:09:34,GitHub AutoPush Analytics,https://github.com/deka1105/GitHub-AutoPush-Analytics.git,push_log.csv,modified,success,auto-push: push_log.csv [2026-04-21 13:09:33] --END--
2026-04-21 13:10:43,WarehouseFlow,https://github.com/deka1105/WarehouseFlow.git,static/style.css,modified,success,auto-push: workflow_20260421_130934.csv [2026-04-21 13:10:42] --END--
2026-04-21 13:10:45,GitHub AutoPush Analytics,https://github.com/deka1105/GitHub-AutoPush-Analytics.git,push_log.csv,modified,success,auto-push: push_log.csv [2026-04-21 13:10:43] --END--
2026-04-21 13:11:26,WarehouseFlow,https://github.com/deka1105/WarehouseFlow.git,workflows/AdvancedWarehouseFlow.csv,created,success,"auto-push: .DS_Store, AdvancedWarehouseFlow.csv [2026-04-21 13:11:24] --END--"
2026-04-21 13:11:27,GitHub AutoPush Analytics,https://github.com/deka1105/GitHub-AutoPush-Analytics.git,push_log.csv,modified,success,auto-push: push_log.csv [2026-04-21 13:11:26] --END--
2026-04-21 13:17:05,WarehouseFlow,https://github.com/deka1105/WarehouseFlow.git,workflows/AdvancedDraft1.csv,created,success,auto-push: AdvancedDraft1.csv [2026-04-21 13:17:04] --END--
2026-04-21 13:17:07,GitHub AutoPush Analytics,https://github.com/deka1105/GitHub-AutoPush-Analytics.git,push_log.csv,modified,success,auto-push: push_log.csv [2026-04-21 13:17:06] --END--
2026-04-21 13:19:27,WarehouseFlow,https://github.com/deka1105/WarehouseFlow.git,custom_nodes.json,moved,success,"auto-push: .DS_Store, custom_nodesv1.json [2026-04-21 13:19:25] --END--"
2026-04-21 13:19:28,GitHub AutoPush Analytics,https://github.com/deka1105/GitHub-AutoPush-Analytics.git,push_log.csv,modified,success,auto-push: push_log.csv [2026-04-21 13:19:27] --END--
2026-04-21 13:19:52,WarehouseFlow,https://github.com/deka1105/WarehouseFlow.git,updated_AdvancedWarehouseFlow.csv,created,success,"auto-push: nodesv1.csv, updated_AdvancedWarehouseFlow.csv, updated_nodes.csv [2026-04-21 13:19:50] --END--"
2026-04-21 13:19:53,GitHub AutoPush Analytics,https://github.com/deka1105/GitHub-AutoPush-Analytics.git,push_log.csv,modified,success,auto-push: push_log.csv [2026-04-21 13:19:52] --END--
2026-04-21 13:20:50,WarehouseFlow,https://github.com/deka1105/WarehouseFlow.git,updated_nodes.csv,moved,success,auto-push: nodes.csv [2026-04-21 13:20:49] --END--
2026-04-21 13:20:52,GitHub AutoPush Analytics,https://github.com/deka1105/GitHub-AutoPush-Analytics.git,push_log.csv,modified,success,auto-push: push_log.csv [2026-04-21 13:20:50] --END--
2026-04-21 13:21:02,WarehouseFlow,https://github.com/deka1105/WarehouseFlow.git,custom_nodesv1.json,moved,success,auto-push: custom_nodes.json [2026-04-21 13:21:01] --END--
2026-04-21 13:21:04,GitHub AutoPush Analytics,https://github.com/deka1105/GitHub-AutoPush-Analytics.git,push_log.csv,modified,success,auto-push: push_log.csv [2026-04-21 13:21:02] --END--
2026-04-21 13:24:40,WarehouseFlow,https://github.com/deka1105/WarehouseFlow.git,static/style.css,moved,success,"auto-push: stylev4.css, updated_AdvancedWarehouseFlow.csv [2026-04-21 13:24:38] --END--"
2026-04-21 13:24:41,GitHub AutoPush Analytics,https://github.com/deka1105/GitHub-AutoPush-Analytics.git,push_log.csv,modified,success,auto-push: push_log.csv [2026-04-21 13:24:40] --END--
2026-04-21 13:24:52,WarehouseFlow,https://github.com/deka1105/WarehouseFlow.git,templates/index.html,moved,success,"auto-push: style.css, indexv5.html [2026-04-21 13:24:50] --END--"
2026-04-21 13:24:53,GitHub AutoPush Analytics,https://github.com/deka1105/GitHub-AutoPush-Analytics.git,push_log.csv,modified,success,auto-push: push_log.csv [2026-04-21 13:24:52] --END--
2026-04-21 13:32:27,WarehouseFlow,https://github.com/deka1105/WarehouseFlow.git,templates/index.html,moved,success,auto-push: indexv6.html [2026-04-21 13:32:25] --END--
2026-04-21 13:32:28,GitHub AutoPush Analytics,https://github.com/deka1105/GitHub-AutoPush-Analytics.git,push_log.csv,modified,success,auto-push: push_log.csv [2026-04-21 13:32:27] --END--
2026-04-21 13:32:40,WarehouseFlow,https://github.com/deka1105/WarehouseFlow.git,static/style.css,moved,success,"auto-push: stylev5.css, index.html [2026-04-21 13:32:39] --END--"
2026-04-21 13:32:42,GitHub AutoPush Analytics,https://github.com/deka1105/GitHub-AutoPush-Analytics.git,push_log.csv,modified,success,auto-push: push_log.csv [2026-04-21 13:32:40] --END--
2026-04-21 13:33:14,WarehouseFlow,https://github.com/deka1105/WarehouseFlow.git,static/script.js,moved,success,"auto-push: scriptv1.js, style.css [2026-04-21 13:33:12] --END--"
2026-04-21 13:33:15,GitHub AutoPush Analytics,https://github.com/deka1105/GitHub-AutoPush-Analytics.git,push_log.csv,modified,success,auto-push: push_log.csv [2026-04-21 13:33:14] --END--
2026-04-21 14:20:25,WarehouseFlow,https://github.com/deka1105/WarehouseFlow.git,static/style.css,modified,success,auto-push: script.js [2026-04-21 14:20:23] --END--
2026-04-21 14:20:26,GitHub AutoPush Analytics,https://github.com/deka1105/GitHub-AutoPush-Analytics.git,push_log.csv,modified,success,auto-push: push_log.csv [2026-04-21 14:20:25] --END--
2026-04-21 14:21:56,WarehouseFlow,https://github.com/deka1105/WarehouseFlow.git,Readme.md,created,success,auto-push: Readme.md [2026-04-21 14:21:54] --END--
2026-04-21 14:21:57,GitHub AutoPush Analytics,https://github.com/deka1105/GitHub-AutoPush-Analytics.git,push_log.csv,modified,success,auto-push: push_log.csv [2026-04-21 14:21:56] --END--
2026-04-21 14:31:30,WarehouseFlow,https://github.com/deka1105/WarehouseFlow.git,static/script.js,moved,success,auto-push: scriptv2.js [2026-04-21 14:31:28] --END--
2026-04-21 14:31:32,GitHub AutoPush Analytics,https://github.com/deka1105/GitHub-AutoPush-Analytics.git,push_log.csv,modified,success,auto-push: push_log.csv [2026-04-21 14:31:30] --END--
2026-04-21 14:31:39,WarehouseFlow,https://github.com/deka1105/WarehouseFlow.git,static/style.css,created,success,"auto-push: script.js, style.css, stylev6.css [2026-04-21 14:31:37] --END--"
2026-04-21 14:31:40,GitHub AutoPush Analytics,https://github.com/deka1105/GitHub-AutoPush-Analytics.git,push_log.csv,modified,success,auto-push: push_log.csv [2026-04-21 14:31:39] --END--
2026-04-21 14:31:55,WarehouseFlow,https://github.com/deka1105/WarehouseFlow.git,templates/index.html,moved,success,auto-push: indexv7.html [2026-04-21 14:31:53] --END--
2026-04-21 14:31:56,GitHub AutoPush Analytics,https://github.com/deka1105/GitHub-AutoPush-Analytics.git,push_log.csv,modified,success,auto-push: push_log.csv [2026-04-21 14:31:55] --END--
2026-04-21 14:32:07,WarehouseFlow,https://github.com/deka1105/WarehouseFlow.git,templates/index.html,created,success,auto-push: index.html [2026-04-21 14:32:05] --END--
2026-04-21 14:32:08,GitHub AutoPush Analytics,https://github.com/deka1105/GitHub-AutoPush-Analytics.git,push_log.csv,modified,success,auto-push: push_log.csv [2026-04-21 14:32:07] --END--
2026-04-21 14:38:46,WarehouseFlow,https://github.com/deka1105/WarehouseFlow.git,templates/index.html,moved,success,auto-push: indexv8.html [2026-04-21 14:38:45] --END--
2026-04-21 14:38:48,GitHub AutoPush Analytics,https://github.com/deka1105/GitHub-AutoPush-Analytics.git,push_log.csv,modified,success,auto-push: push_log.csv [2026-04-21 14:38:46] --END--
2026-04-21 14:39:02,WarehouseFlow,https://github.com/deka1105/WarehouseFlow.git,static/style.css,moved,success,"auto-push: stylev7.css, index.html [2026-04-21 14:39:00] --END--"
2026-04-21 14:39:03,GitHub AutoPush Analytics,https://github.com/deka1105/GitHub-AutoPush-Analytics.git,push_log.csv,modified,success,auto-push: push_log.csv [2026-04-21 14:39:02] --END--
2026-04-21 14:39:56,WarehouseFlow,https://github.com/deka1105/WarehouseFlow.git,static/script.js,moved,success,"auto-push: scriptv3.js, style.css [2026-04-21 14:39:55] --END--"
2026-04-21 14:39:58,GitHub AutoPush Analytics,https://github.com/deka1105/GitHub-AutoPush-Analytics.git,push_log.csv,modified,success,auto-push: push_log.csv [2026-04-21 14:39:56] --END--
2026-04-21 14:42:51,WarehouseFlow,https://github.com/deka1105/WarehouseFlow.git,static/style.css,modified,success,auto-push: script.js [2026-04-21 14:42:50] --END--
2026-04-21 14:42:53,GitHub AutoPush Analytics,https://github.com/deka1105/GitHub-AutoPush-Analytics.git,push_log.csv,modified,success,auto-push: push_log.csv [2026-04-21 14:42:51] --END--
2026-04-21 14:43:03,WarehouseFlow,https://github.com/deka1105/WarehouseFlow.git,custom_nodes.json,modified,success,auto-push: custom_nodes.json [2026-04-21 14:43:02] --END--
2026-04-21 14:43:05,GitHub AutoPush Analytics,https://github.com/deka1105/GitHub-AutoPush-Analytics.git,push_log.csv,modified,success,auto-push: push_log.csv [2026-04-21 14:43:03] --END--
2026-04-21 14:43:25,WarehouseFlow,https://github.com/deka1105/WarehouseFlow.git,nodes.csv,modified,success,auto-push: nodes.csv [2026-04-21 14:43:23] --END--
2026-04-21 14:43:26,GitHub AutoPush Analytics,https://github.com/deka1105/GitHub-AutoPush-Analytics.git,push_log.csv,modified,success,auto-push: push_log.csv [2026-04-21 14:43:25] --END--
2026-04-21 14:48:01,WarehouseFlow,https://github.com/deka1105/WarehouseFlow.git,workflows/6_advanced_global_flow.csv,created,success,auto-push: 6_advanced_global_flow.csv [2026-04-21 14:48:00] --END--
2026-04-21 14:48:03,GitHub AutoPush Analytics,https://github.com/deka1105/GitHub-AutoPush-Analytics.git,push_log.csv,modified,success,auto-push: push_log.csv [2026-04-21 14:48:01] --END--
2026-04-21 14:54:01,WarehouseFlow,https://github.com/deka1105/WarehouseFlow.git,templates/index.html,moved,success,auto-push: indexv9.html [2026-04-21 14:53:59] --END--
2026-04-21 14:54:02,GitHub AutoPush Analytics,https://github.com/deka1105/GitHub-AutoPush-Analytics.git,push_log.csv,modified,success,auto-push: push_log.csv [2026-04-21 14:54:01] --END--
2026-04-21 14:54:11,WarehouseFlow,https://github.com/deka1105/WarehouseFlow.git,static/script.js,moved,success,"auto-push: scriptv4.js, index.html [2026-04-21 14:54:09] --END--"
2026-04-21 14:54:12,GitHub AutoPush Analytics,https://github.com/deka1105/GitHub-AutoPush-Analytics.git,push_log.csv,modified,success,auto-push: push_log.csv [2026-04-21 14:54:11] --END--
2026-04-21 14:54:20,WarehouseFlow,https://github.com/deka1105/WarehouseFlow.git,static/style.css,created,success,"auto-push: script.js, style.css, stylev8.css [2026-04-21 14:54:19] --END--"
2026-04-21 14:54:21,GitHub AutoPush Analytics,https://github.com/deka1105/GitHub-AutoPush-Analytics.git,push_log.csv,modified,success,auto-push: push_log.csv [2026-04-21 14:54:20] --END--
2026-04-21 15:00:22,WarehouseFlow,https://github.com/deka1105/WarehouseFlow.git,workflows/draft2.csv,created,success,auto-push: draft2.csv [2026-04-21 15:00:20] --END--
2026-04-21 15:00:23,GitHub AutoPush Analytics,https://github.com/deka1105/GitHub-AutoPush-Analytics.git,push_log.csv,modified,success,auto-push: push_log.csv [2026-04-21 15:00:22] --END--
2026-04-21 15:08:02,WarehouseFlow,https://github.com/deka1105/WarehouseFlow.git,static/script.js,moved,success,auto-push: scriptv5.js [2026-04-21 15:08:00] --END--
2026-04-21 15:08:03,GitHub AutoPush Analytics,https://github.com/deka1105/GitHub-AutoPush-Analytics.git,push_log.csv,modified,success,auto-push: push_log.csv [2026-04-21 15:08:02] --END--
2026-04-21 15:08:07,WarehouseFlow,https://github.com/deka1105/WarehouseFlow.git,static/style.css,moved,success,auto-push: stylev9.css [2026-04-21 15:08:06] --END--
2026-04-21 15:08:09,GitHub AutoPush Analytics,https://github.com/deka1105/GitHub-AutoPush-Analytics.git,push_log.csv,modified,success,auto-push: push_log.csv [2026-04-21 15:08:07] --END--
2026-04-21 15:08:21,WarehouseFlow,https://github.com/deka1105/WarehouseFlow.git,templates/index.html,moved,success,"auto-push: script.js, style.css, indexv10.html [2026-04-21 15:08:19] --END--"
2026-04-21 15:08:22,GitHub AutoPush Analytics,https://github.com/deka1105/GitHub-AutoPush-Analytics.git,push_log.csv,modified,success,auto-push: push_log.csv [2026-04-21 15:08:21] --END--
2026-04-21 15:15:39,WarehouseFlow,https://github.com/deka1105/WarehouseFlow.git,workflows/workflow_20260421_125606.csv,modified,success,"auto-push: index.html, workflow_20260421_125606.csv [2026-04-21 15:15:37] --END--"
2026-04-21 15:15:40,GitHub AutoPush Analytics,https://github.com/deka1105/GitHub-AutoPush-Analytics.git,push_log.csv,modified,success,auto-push: push_log.csv [2026-04-21 15:15:39] --END--
2026-04-21 20:47:29,GitHub AutoPush Analytics,https://github.com/deka1105/GitHub-AutoPush-Analytics.git,push_analyticsv20_1.html,created,success,"auto-push: push_analyticsv20_1.html, push_log.csv [2026-04-21 20:47:28] --END--"
2026-04-21 20:47:51,GitHub AutoPush Analytics,https://github.com/deka1105/GitHub-AutoPush-Analytics.git,READMEv20.md,created,success,"auto-push: READMEv20.md, push_log.csv [2026-04-21 20:47:50] --END--"
2026-04-21 21:01:50,GitHub AutoPush Analytics,https://github.com/deka1105/GitHub-AutoPush-Analytics.git,push_analyticsv20.html,moved,failed,"To https://github.com/deka1105/GitHub-AutoPush-Analytics.git
 ! [rejected]        HEAD -> main (fetch first)
error: failed to push some refs to 'https://github.com/deka1105/GitHub-AutoPush-Analytics.git'
hint: Updates were rejected because the remote contains work that you do
hint: not have locally. This is usually caused by another repository pushing
hint: to the same ref. You may want to first integrate the remote changes
hint: (e.g., 'git pull ...') before pushing again.
hint: See the 'Note about fast-forwards' in 'git push --help' for details. --END--"
2026-04-21 21:01:57,GitHub AutoPush Analytics,https://github.com/deka1105/GitHub-AutoPush-Analytics.git,New Folder With Items/push_analyticsv12.html,moved,success,auto-push: 20 files changed [2026-04-21 21:01:56] --END--
2026-04-21 21:02:12,GitHub AutoPush Analytics,https://github.com/deka1105/GitHub-AutoPush-Analytics.git,READMEv20.md,moved,success,"auto-push: .DS_Store, README_old.md, READMEv12.md, READMEv20.md, push_log.csv [2026-04-21 21:02:11] --END--"
2026-04-21 21:02:21,GitHub AutoPush Analytics,https://github.com/deka1105/GitHub-AutoPush-Analytics.git,New Folder With Items/READMEv20.md,moved,success,"auto-push: .DS_Store, README_old.md, READMEv12.md, READMEv20.md, push_log.csv [2026-04-21 21:02:20] --END--"
2026-04-21 21:03:05,GitHub AutoPush Analytics,https://github.com/deka1105/GitHub-AutoPush-Analytics.git,auto_git_pushv5.py,moved,success,auto-push: 6 files changed [2026-04-21 21:03:04] --END--
2026-04-21 21:03:17,GitHub AutoPush Analytics,https://github.com/deka1105/GitHub-AutoPush-Analytics.git,New Folder With Items/auto_git_pushv4.py,moved,success,auto-push: 6 files changed [2026-04-21 21:03:16] --END--
2026-04-21 21:03:30,GitHub AutoPush Analytics,https://github.com/deka1105/GitHub-AutoPush-Analytics.git,Old ReadMe/READMEv20.md,moved,success,auto-push: 29 files changed [2026-04-21 21:03:29] --END--
2026-04-21 21:03:43,GitHub AutoPush Analytics,https://github.com/deka1105/GitHub-AutoPush-Analytics.git,New Folder With Items/autoGitv3.zip,moved,success,auto-push: 29 files changed [2026-04-21 21:03:41] --END--
2026-04-21 21:04:19,WarehouseFlow,https://github.com/deka1105/WarehouseFlow.git,Node App/app.py,created,success,"auto-push: .DS_Store, app.py, appv1.py, appv2.py, build_app.py [2026-04-21 21:04:17] --END--"
2026-04-21 21:04:20,GitHub AutoPush Analytics,https://github.com/deka1105/GitHub-AutoPush-Analytics.git,push_log.csv,modified,success,"auto-push: .DS_Store, .DS_Store, push_log.csv [2026-04-21 21:04:19] --END--"
2026-04-21 21:06:20,WarehouseFlow,https://github.com/deka1105/WarehouseFlow.git,Node App/package.json,created,success,auto-push: 50 files changed [2026-04-21 21:06:19] --END--
2026-04-21 21:06:21,GitHub AutoPush Analytics,https://github.com/deka1105/GitHub-AutoPush-Analytics.git,push_log.csv,modified,success,auto-push: push_log.csv [2026-04-21 21:06:20] --END--
2026-04-21 21:06:49,WarehouseFlow,https://github.com/deka1105/WarehouseFlow.git,Node App/server.js,created,success,"auto-push: package.json, server.js [2026-04-21 21:06:48] --END--"
2026-04-21 21:06:51,GitHub AutoPush Analytics,https://github.com/deka1105/GitHub-AutoPush-Analytics.git,push_log.csv,modified,success,auto-push: push_log.csv [2026-04-21 21:06:50] --END--
2026-04-21 21:09:42,WarehouseFlow,https://github.com/deka1105/WarehouseFlow.git,Node App/public/css/style.css,created,success,"auto-push: .DS_Store, .DS_Store, .DS_Store, style.css [2026-04-21 21:09:41] --END--"
2026-04-21 21:09:44,GitHub AutoPush Analytics,https://github.com/deka1105/GitHub-AutoPush-Analytics.git,push_log.csv,modified,success,auto-push: push_log.csv [2026-04-21 21:09:42] --END--
2026-04-21 21:10:23,WarehouseFlow,https://github.com/deka1105/WarehouseFlow.git,Node App/views/index.ejs,created,success,"auto-push: .DS_Store, script.js, index.ejs [2026-04-21 21:10:21] --END--"
2026-04-21 21:10:24,GitHub AutoPush Analytics,https://github.com/deka1105/GitHub-AutoPush-Analytics.git,push_log.csv,modified,success,auto-push: push_log.csv [2026-04-21 21:10:23] --END--
2026-04-21 21:10:29,WarehouseFlow,https://github.com/deka1105/WarehouseFlow.git,Node App/views/index.ejs,modified,success,auto-push: index.ejs [2026-04-21 21:10:27] --END--
2026-04-21 21:10:30,GitHub AutoPush Analytics,https://github.com/deka1105/GitHub-AutoPush-Analytics.git,push_log.csv,modified,success,auto-push: push_log.csv [2026-04-21 21:10:29] --END--
2026-04-21 21:10:43,WarehouseFlow,https://github.com/deka1105/WarehouseFlow.git,Node App/views/manage_nodes.ejs,created,success,auto-push: manage_nodes.ejs [2026-04-21 21:10:41] --END--
2026-04-21 21:10:44,GitHub AutoPush Analytics,https://github.com/deka1105/GitHub-AutoPush-Analytics.git,push_log.csv,modified,success,auto-push: push_log.csv [2026-04-21 21:10:43] --END--
2026-04-21 21:10:50,WarehouseFlow,https://github.com/deka1105/WarehouseFlow.git,Node App/views/manage_nodes.ejs,modified,success,auto-push: manage_nodes.ejs [2026-04-21 21:10:48] --END--
2026-04-21 21:10:51,GitHub AutoPush Analytics,https://github.com/deka1105/GitHub-AutoPush-Analytics.git,push_log.csv,modified,success,auto-push: push_log.csv [2026-04-21 21:10:50] --END--
2026-04-21 21:12:02,WarehouseFlow,https://github.com/deka1105/WarehouseFlow.git,Node App/custom_nodes.json,moved,success,auto-push: 60 files changed [2026-04-21 21:12:01] --END--
2026-04-21 21:12:04,GitHub AutoPush Analytics,https://github.com/deka1105/GitHub-AutoPush-Analytics.git,push_log.csv,modified,success,auto-push: push_log.csv [2026-04-21 21:12:02] --END--
2026-04-21 21:13:16,WarehouseFlow,https://github.com/deka1105/WarehouseFlow.git,NodeApp/node_modules/is-number/package.json,created,success,auto-push: 299 files changed [2026-04-21 21:13:14] --END--
2026-04-21 21:13:18,GitHub AutoPush Analytics,https://github.com/deka1105/GitHub-AutoPush-Analytics.git,push_log.csv,modified,success,auto-push: push_log.csv [2026-04-21 21:13:16] --END--
2026-04-21 21:14:45,WarehouseFlow,https://github.com/deka1105/WarehouseFlow.git,NodeApp/server.js,modified,failed,"error: RPC failed; HTTP 400 curl 22 The requested URL returned error: 400
send-pack: unexpected disconnect while reading sideband packet
fatal: the remote end hung up unexpectedly
Everything up-to-date --END--"
2026-04-21 21:14:46,GitHub AutoPush Analytics,https://github.com/deka1105/GitHub-AutoPush-Analytics.git,push_log.csv,modified,success,auto-push: push_log.csv [2026-04-21 21:14:45] --END--
2026-04-21 21:18:22,WarehouseFlow,https://github.com/deka1105/WarehouseFlow.git,NodeApp/public/css/style.css,modified,failed,"error: RPC failed; HTTP 400 curl 22 The requested URL returned error: 400
send-pack: unexpected disconnect while reading sideband packet
fatal: the remote end hung up unexpectedly
Everything up-to-date --END--"
2026-04-21 21:18:23,GitHub AutoPush Analytics,https://github.com/deka1105/GitHub-AutoPush-Analytics.git,push_log.csv,modified,success,auto-push: push_log.csv [2026-04-21 21:18:22] --END--
2026-04-21 21:18:40,WarehouseFlow,https://github.com/deka1105/WarehouseFlow.git,NodeApp/views/index.ejs,modified,failed,"error: RPC failed; HTTP 400 curl 22 The requested URL returned error: 400
send-pack: unexpected disconnect while reading sideband packet
fatal: the remote end hung up unexpectedly
Everything up-to-date --END--"
2026-04-21 21:18:42,GitHub AutoPush Analytics,https://github.com/deka1105/GitHub-AutoPush-Analytics.git,push_log.csv,modified,success,auto-push: push_log.csv [2026-04-21 21:18:41] --END--
2026-04-21 21:22:26,WarehouseFlow,https://github.com/deka1105/WarehouseFlow.git,NodeApp/views/index.ejs,modified,failed,"error: RPC failed; HTTP 400 curl 22 The requested URL returned error: 400
send-pack: unexpected disconnect while reading sideband packet
fatal: the remote end hung up unexpectedly
Everything up-to-date --END--"
2026-04-21 21:22:28,GitHub AutoPush Analytics,https://github.com/deka1105/GitHub-AutoPush-Analytics.git,push_log.csv,modified,success,auto-push: push_log.csv [2026-04-21 21:22:26] --END--
2026-04-21 21:23:14,WarehouseFlow,https://github.com/deka1105/WarehouseFlow.git,NodeApp/public/js/script.js,modified,failed,"error: RPC failed; HTTP 400 curl 22 The requested URL returned error: 400
send-pack: unexpected disconnect while reading sideband packet
fatal: the remote end hung up unexpectedly
Everything up-to-date --END--"
2026-04-21 21:23:16,GitHub AutoPush Analytics,https://github.com/deka1105/GitHub-AutoPush-Analytics.git,push_log.csv,modified,success,auto-push: push_log.csv [2026-04-21 21:23:15] --END--
2026-04-21 21:23:44,WarehouseFlow,https://github.com/deka1105/WarehouseFlow.git,NodeApp/public/css/style.css,modified,failed,"error: RPC failed; HTTP 400 curl 22 The requested URL returned error: 400
send-pack: unexpected disconnect while reading sideband packet
fatal: the remote end hung up unexpectedly
Everything up-to-date --END--"
2026-04-21 21:23:45,GitHub AutoPush Analytics,https://github.com/deka1105/GitHub-AutoPush-Analytics.git,push_log.csv,modified,success,auto-push: push_log.csv [2026-04-21 21:23:44] --END--
2026-04-21 21:25:53,WarehouseFlow,https://github.com/deka1105/WarehouseFlow.git,NodeApp/nodes.csv,modified,failed,"error: RPC failed; HTTP 400 curl 22 The requested URL returned error: 400
send-pack: unexpected disconnect while reading sideband packet
fatal: the remote end hung up unexpectedly
Everything up-to-date --END--"
2026-04-21 21:25:54,GitHub AutoPush Analytics,https://github.com/deka1105/GitHub-AutoPush-Analytics.git,push_log.csv,modified,success,auto-push: push_log.csv [2026-04-21 21:25:53] --END--
2026-04-21 21:39:43,WarehouseFlow,https://github.com/deka1105/WarehouseFlow.git,NodeApp/views/index.ejs,modified,failed,"error: RPC failed; HTTP 400 curl 22 The requested URL returned error: 400
send-pack: unexpected disconnect while reading sideband packet
fatal: the remote end hung up unexpectedly
Everything up-to-date --END--"
2026-04-21 21:39:45,GitHub AutoPush Analytics,https://github.com/deka1105/GitHub-AutoPush-Analytics.git,push_log.csv,modified,success,auto-push: push_log.csv [2026-04-21 21:39:43] --END--
2026-04-21 21:40:08,WarehouseFlow,https://github.com/deka1105/WarehouseFlow.git,NodeApp/public/css/style.css,modified,failed,"error: RPC failed; HTTP 400 curl 22 The requested URL returned error: 400
send-pack: unexpected disconnect while reading sideband packet
fatal: the remote end hung up unexpectedly
Everything up-to-date --END--"
2026-04-21 21:40:14,GitHub AutoPush Analytics,https://github.com/deka1105/GitHub-AutoPush-Analytics.git,push_log.csv,modified,success,auto-push: push_log.csv [2026-04-21 21:40:08] --END--
2026-04-21 21:40:18,GitHub AutoPush Analytics,https://github.com/deka1105/GitHub-AutoPush-Analytics.git,push_log.csv,modified,success,auto-push: push_log.csv [2026-04-21 21:40:14] --END--
2026-04-21 21:40:43,WarehouseFlow,https://github.com/deka1105/WarehouseFlow.git,NodeApp/public/js/script.js,modified,failed,"error: RPC failed; HTTP 400 curl 22 The requested URL returned error: 400
send-pack: unexpected disconnect while reading sideband packet
fatal: the remote end hung up unexpectedly
Everything up-to-date --END--"
2026-04-21 21:40:44,GitHub AutoPush Analytics,https://github.com/deka1105/GitHub-AutoPush-Analytics.git,push_log.csv,modified,success,auto-push: push_log.csv [2026-04-21 21:40:43] --END--
2026-04-21 21:41:46,WarehouseFlow,https://github.com/deka1105/WarehouseFlow.git,NodeApp/workflows/workflow_2026-04-22T01-41-44.csv,created,failed,"error: RPC failed; HTTP 400 curl 22 The requested URL returned error: 400
send-pack: unexpected disconnect while reading sideband packet
fatal: the remote end hung up unexpectedly
Everything up-to-date --END--"
2026-04-21 21:41:48,GitHub AutoPush Analytics,https://github.com/deka1105/GitHub-AutoPush-Analytics.git,push_log.csv,modified,success,auto-push: push_log.csv [2026-04-21 21:41:46] --END--
2026-04-21 21:45:43,WarehouseFlow,https://github.com/deka1105/WarehouseFlow.git,NodeApp/views/index.ejs,modified,failed,"error: RPC failed; HTTP 400 curl 22 The requested URL returned error: 400
send-pack: unexpected disconnect while reading sideband packet
fatal: the remote end hung up unexpectedly
Everything up-to-date --END--"
2026-04-21 21:45:44,GitHub AutoPush Analytics,https://github.com/deka1105/GitHub-AutoPush-Analytics.git,push_log.csv,modified,success,auto-push: push_log.csv [2026-04-21 21:45:43] --END--
2026-04-21 21:47:20,WarehouseFlow,https://github.com/deka1105/WarehouseFlow.git,NodeApp/views/index.ejs,modified,failed,"error: RPC failed; HTTP 400 curl 22 The requested URL returned error: 400
send-pack: unexpected disconnect while reading sideband packet
fatal: the remote end hung up unexpectedly
Everything up-to-date --END--"
2026-04-21 21:47:22,GitHub AutoPush Analytics,https://github.com/deka1105/GitHub-AutoPush-Analytics.git,push_log.csv,modified,success,auto-push: push_log.csv [2026-04-21 21:47:20] --END--
2026-04-21 21:47:56,WarehouseFlow,https://github.com/deka1105/WarehouseFlow.git,NodeApp/public/css/style.css,modified,failed,"error: RPC failed; HTTP 400 curl 22 The requested URL returned error: 400
send-pack: unexpected disconnect while reading sideband packet
fatal: the remote end hung up unexpectedly
Everything up-to-date --END--"
2026-04-21 21:47:58,GitHub AutoPush Analytics,https://github.com/deka1105/GitHub-AutoPush-Analytics.git,push_log.csv,modified,success,auto-push: push_log.csv [2026-04-21 21:47:57] --END--
2026-04-21 21:50:05,WarehouseFlow,https://github.com/deka1105/WarehouseFlow.git,NodeApp/public/js/script.js,modified,failed,"error: RPC failed; HTTP 400 curl 22 The requested URL returned error: 400
send-pack: unexpected disconnect while reading sideband packet
fatal: the remote end hung up unexpectedly
Everything up-to-date --END--"
2026-04-21 21:50:07,GitHub AutoPush Analytics,https://github.com/deka1105/GitHub-AutoPush-Analytics.git,push_log.csv,modified,success,auto-push: push_log.csv [2026-04-21 21:50:06] --END--
2026-04-21 21:50:53,WarehouseFlow,https://github.com/deka1105/WarehouseFlow.git,NodeApp/views/index.ejs,modified,failed,"error: RPC failed; HTTP 400 curl 22 The requested URL returned error: 400
send-pack: unexpected disconnect while reading sideband packet
fatal: the remote end hung up unexpectedly
Everything up-to-date --END--"
2026-04-21 21:50:54,GitHub AutoPush Analytics,https://github.com/deka1105/GitHub-AutoPush-Analytics.git,push_log.csv,modified,success,auto-push: push_log.csv [2026-04-21 21:50:53] --END--
2026-04-21 21:51:08,WarehouseFlow,https://github.com/deka1105/WarehouseFlow.git,NodeApp/images-removebg-preview.png,created,failed,"error: RPC failed; HTTP 400 curl 22 The requested URL returned error: 400
send-pack: unexpected disconnect while reading sideband packet
fatal: the remote end hung up unexpectedly
Everything up-to-date --END--"
2026-04-21 21:51:09,GitHub AutoPush Analytics,https://github.com/deka1105/GitHub-AutoPush-Analytics.git,push_log.csv,modified,success,auto-push: push_log.csv [2026-04-21 21:51:08] --END--
2026-04-21 21:51:13,WarehouseFlow,https://github.com/deka1105/WarehouseFlow.git,NodeApp/images-removebg-preview.png,moved,failed,"error: RPC failed; HTTP 400 curl 22 The requested URL returned error: 400
send-pack: unexpected disconnect while reading sideband packet
fatal: the remote end hung up unexpectedly
Everything up-to-date --END--"
2026-04-21 21:55:29,WarehouseFlow,https://github.com/deka1105/WarehouseFlow.git,NodeApp/package.json,modified,failed,"error: RPC failed; HTTP 400 curl 22 The requested URL returned error: 400
send-pack: unexpected disconnect while reading sideband packet
fatal: the remote end hung up unexpectedly
Everything up-to-date --END--"
2026-04-21 21:55:30,GitHub AutoPush Analytics,https://github.com/deka1105/GitHub-AutoPush-Analytics.git,push_log.csv,modified,success,auto-push: push_log.csv [2026-04-21 21:55:29] --END--
2026-04-21 21:56:41,WarehouseFlow,https://github.com/deka1105/WarehouseFlow.git,NodeApp/build_app.py,deleted,failed,"error: RPC failed; HTTP 400 curl 22 The requested URL returned error: 400
send-pack: unexpected disconnect while reading sideband packet
fatal: the remote end hung up unexpectedly
Everything up-to-date --END--"
2026-04-21 21:56:42,GitHub AutoPush Analytics,https://github.com/deka1105/GitHub-AutoPush-Analytics.git,push_log.csv,modified,success,auto-push: push_log.csv [2026-04-21 21:56:41] --END--
2026-04-21 21:56:48,WarehouseFlow,https://github.com/deka1105/WarehouseFlow.git,NodeApp/nodesv1.csv,deleted,failed,"error: RPC failed; HTTP 400 curl 22 The requested URL returned error: 400
send-pack: unexpected disconnect while reading sideband packet
fatal: the remote end hung up unexpectedly
Everything up-to-date --END--"
2026-04-21 21:56:49,GitHub AutoPush Analytics,https://github.com/deka1105/GitHub-AutoPush-Analytics.git,push_log.csv,modified,success,auto-push: push_log.csv [2026-04-21 21:56:48] --END--
2026-04-21 21:57:30,WarehouseFlow,https://github.com/deka1105/WarehouseFlow.git,NodeApp/views/index.html,created,failed,"error: RPC failed; HTTP 400 curl 22 The requested URL returned error: 400
send-pack: unexpected disconnect while reading sideband packet
fatal: the remote end hung up unexpectedly
Everything up-to-date --END--"
2026-04-21 21:57:32,GitHub AutoPush Analytics,https://github.com/deka1105/GitHub-AutoPush-Analytics.git,push_log.csv,modified,success,auto-push: push_log.csv [2026-04-21 21:57:31] --END--
2026-04-21 21:57:58,WarehouseFlow,https://github.com/deka1105/WarehouseFlow.git,NodeApp/views/index.html,moved,failed,"error: RPC failed; HTTP 400 curl 22 The requested URL returned error: 400
send-pack: unexpected disconnect while reading sideband packet
fatal: the remote end hung up unexpectedly
Everything up-to-date --END--"
2026-04-21 21:58:00,GitHub AutoPush Analytics,https://github.com/deka1105/GitHub-AutoPush-Analytics.git,push_log.csv,modified,success,auto-push: push_log.csv [2026-04-21 21:57:59] --END--
2026-04-21 21:58:58,WarehouseFlow,https://github.com/deka1105/WarehouseFlow.git,NodeApp/server.js,deleted,failed,"error: RPC failed; HTTP 400 curl 22 The requested URL returned error: 400
send-pack: unexpected disconnect while reading sideband packet
fatal: the remote end hung up unexpectedly
Everything up-to-date --END--"
2026-04-21 21:58:59,GitHub AutoPush Analytics,https://github.com/deka1105/GitHub-AutoPush-Analytics.git,push_log.csv,modified,success,auto-push: push_log.csv [2026-04-21 21:58:58] --END--
2026-04-21 21:59:18,WarehouseFlow,https://github.com/deka1105/WarehouseFlow.git,NodeApp/views/index.ejs,modified,failed,"error: RPC failed; HTTP 400 curl 22 The requested URL returned error: 400
send-pack: unexpected disconnect while reading sideband packet
fatal: the remote end hung up unexpectedly
Everything up-to-date --END--"
2026-04-21 21:59:20,GitHub AutoPush Analytics,https://github.com/deka1105/GitHub-AutoPush-Analytics.git,push_log.csv,modified,success,auto-push: push_log.csv [2026-04-21 21:59:18] --END--
2026-04-21 21:59:33,WarehouseFlow,https://github.com/deka1105/WarehouseFlow.git,NodeApp/views/manage_nodes.ejs,modified,failed,"error: RPC failed; HTTP 400 curl 22 The requested URL returned error: 400
send-pack: unexpected disconnect while reading sideband packet
fatal: the remote end hung up unexpectedly
Everything up-to-date --END--"
2026-04-21 21:59:34,GitHub AutoPush Analytics,https://github.com/deka1105/GitHub-AutoPush-Analytics.git,push_log.csv,modified,success,auto-push: push_log.csv [2026-04-21 21:59:33] --END--
2026-04-21 21:59:48,WarehouseFlow,https://github.com/deka1105/WarehouseFlow.git,NodeApp/public/css/style.css,modified,failed,"error: RPC failed; HTTP 400 curl 22 The requested URL returned error: 400
send-pack: unexpected disconnect while reading sideband packet
fatal: the remote end hung up unexpectedly
Everything up-to-date --END--"
2026-04-21 21:59:49,GitHub AutoPush Analytics,https://github.com/deka1105/GitHub-AutoPush-Analytics.git,push_log.csv,modified,success,auto-push: push_log.csv [2026-04-21 21:59:48] --END--
2026-04-21 22:00:06,WarehouseFlow,https://github.com/deka1105/WarehouseFlow.git,NodeApp/public/js/script.js,modified,failed,"error: RPC failed; HTTP 400 curl 22 The requested URL returned error: 400
send-pack: unexpected disconnect while reading sideband packet
fatal: the remote end hung up unexpectedly
Everything up-to-date --END--"
2026-04-21 22:00:08,GitHub AutoPush Analytics,https://github.com/deka1105/GitHub-AutoPush-Analytics.git,push_log.csv,modified,success,auto-push: push_log.csv [2026-04-21 22:00:06] --END--
2026-04-21 22:00:20,WarehouseFlow,https://github.com/deka1105/WarehouseFlow.git,NodeApp/workflows/3_cross_docking.csv,created,failed,"error: RPC failed; HTTP 400 curl 22 The requested URL returned error: 400
send-pack: unexpected disconnect while reading sideband packet
fatal: the remote end hung up unexpectedly
Everything up-to-date --END--"
2026-04-21 22:00:21,GitHub AutoPush Analytics,https://github.com/deka1105/GitHub-AutoPush-Analytics.git,push_log.csv,modified,success,auto-push: push_log.csv [2026-04-21 22:00:20] --END--
2026-04-21 22:02:14,WarehouseFlow,https://github.com/deka1105/WarehouseFlow.git,NodeApp/favicon.png,moved,failed,"error: RPC failed; HTTP 400 curl 22 The requested URL returned error: 400
send-pack: unexpected disconnect while reading sideband packet
fatal: the remote end hung up unexpectedly
Everything up-to-date --END--"
2026-04-21 22:02:16,GitHub AutoPush Analytics,https://github.com/deka1105/GitHub-AutoPush-Analytics.git,push_log.csv,modified,success,auto-push: push_log.csv [2026-04-21 22:02:14] --END--
2026-04-21 22:02:40,WarehouseFlow,https://github.com/deka1105/WarehouseFlow.git,NodeApp/views/index.ejs,modified,failed,"error: RPC failed; HTTP 400 curl 22 The requested URL returned error: 400
send-pack: unexpected disconnect while reading sideband packet
fatal: the remote end hung up unexpectedly
Everything up-to-date --END--"
2026-04-21 22:02:41,GitHub AutoPush Analytics,https://github.com/deka1105/GitHub-AutoPush-Analytics.git,push_log.csv,modified,success,auto-push: push_log.csv [2026-04-21 22:02:40] --END--
2026-04-21 22:02:50,WarehouseFlow,https://github.com/deka1105/WarehouseFlow.git,NodeApp/views/index.ejs,modified,failed,"error: RPC failed; HTTP 400 curl 22 The requested URL returned error: 400
send-pack: unexpected disconnect while reading sideband packet
fatal: the remote end hung up unexpectedly
Everything up-to-date --END--"
2026-04-21 22:02:52,GitHub AutoPush Analytics,https://github.com/deka1105/GitHub-AutoPush-Analytics.git,push_log.csv,modified,success,auto-push: push_log.csv [2026-04-21 22:02:51] --END--
2026-04-21 22:04:36,WarehouseFlow,https://github.com/deka1105/WarehouseFlow.git,NodeApp/views/index.ejs,modified,failed,"error: RPC failed; HTTP 400 curl 22 The requested URL returned error: 400
send-pack: unexpected disconnect while reading sideband packet
fatal: the remote end hung up unexpectedly
Everything up-to-date --END--"
2026-04-21 22:04:38,GitHub AutoPush Analytics,https://github.com/deka1105/GitHub-AutoPush-Analytics.git,push_log.csv,modified,success,auto-push: push_log.csv [2026-04-21 22:04:36] --END--
2026-04-21 22:04:46,WarehouseFlow,https://github.com/deka1105/WarehouseFlow.git,NodeApp/public/css/style.css,modified,failed,"error: RPC failed; HTTP 400 curl 22 The requested URL returned error: 400
send-pack: unexpected disconnect while reading sideband packet
fatal: the remote end hung up unexpectedly
Everything up-to-date --END--"
2026-04-21 22:04:47,GitHub AutoPush Analytics,https://github.com/deka1105/GitHub-AutoPush-Analytics.git,push_log.csv,modified,success,auto-push: push_log.csv [2026-04-21 22:04:46] --END--
2026-04-21 22:05:04,WarehouseFlow,https://github.com/deka1105/WarehouseFlow.git,NodeApp/public/js/script.js,modified,failed,"error: RPC failed; HTTP 400 curl 22 The requested URL returned error: 400
send-pack: unexpected disconnect while reading sideband packet
fatal: the remote end hung up unexpectedly
Everything up-to-date --END--"
2026-04-21 22:05:05,GitHub AutoPush Analytics,https://github.com/deka1105/GitHub-AutoPush-Analytics.git,push_log.csv,modified,success,auto-push: push_log.csv [2026-04-21 22:05:04] --END--
2026-04-21 22:08:11,WarehouseFlow,https://github.com/deka1105/WarehouseFlow.git,NodeApp/package.json,modified,failed,"error: RPC failed; HTTP 400 curl 22 The requested URL returned error: 400
send-pack: unexpected disconnect while reading sideband packet
fatal: the remote end hung up unexpectedly
Everything up-to-date --END--"
2026-04-21 22:08:13,GitHub AutoPush Analytics,https://github.com/deka1105/GitHub-AutoPush-Analytics.git,push_log.csv,modified,success,auto-push: push_log.csv [2026-04-21 22:08:11] --END--
2026-04-21 22:08:41,WarehouseFlow,https://github.com/deka1105/WarehouseFlow.git,NodeApp/build.js,created,failed,"error: RPC failed; HTTP 400 curl 22 The requested URL returned error: 400
send-pack: unexpected disconnect while reading sideband packet
fatal: the remote end hung up unexpectedly
Everything up-to-date --END--"
2026-04-21 22:08:43,GitHub AutoPush Analytics,https://github.com/deka1105/GitHub-AutoPush-Analytics.git,push_log.csv,modified,success,auto-push: push_log.csv [2026-04-21 22:08:41] --END--
2026-04-21 22:09:31,WarehouseFlow,https://github.com/deka1105/WarehouseFlow.git,NodeApp/server.js,modified,failed,"error: RPC failed; HTTP 400 curl 22 The requested URL returned error: 400
send-pack: unexpected disconnect while reading sideband packet
fatal: the remote end hung up unexpectedly
Everything up-to-date --END--"
2026-04-21 22:09:33,GitHub AutoPush Analytics,https://github.com/deka1105/GitHub-AutoPush-Analytics.git,push_log.csv,modified,success,auto-push: push_log.csv [2026-04-21 22:09:32] --END--
2026-04-21 22:11:25,WarehouseFlow,https://github.com/deka1105/WarehouseFlow.git,NodeApp/server.js,modified,failed,"error: RPC failed; HTTP 400 curl 22 The requested URL returned error: 400
send-pack: unexpected disconnect while reading sideband packet
fatal: the remote end hung up unexpectedly
Everything up-to-date --END--"
2026-04-21 22:11:27,GitHub AutoPush Analytics,https://github.com/deka1105/GitHub-AutoPush-Analytics.git,push_log.csv,modified,success,auto-push: push_log.csv [2026-04-21 22:11:25] --END--
2026-04-21 22:11:39,WarehouseFlow,https://github.com/deka1105/WarehouseFlow.git,NodeApp/server.js,modified,failed,"error: RPC failed; HTTP 400 curl 22 The requested URL returned error: 400
send-pack: unexpected disconnect while reading sideband packet
fatal: the remote end hung up unexpectedly
Everything up-to-date --END--"
2026-04-21 22:11:40,GitHub AutoPush Analytics,https://github.com/deka1105/GitHub-AutoPush-Analytics.git,push_log.csv,modified,success,auto-push: push_log.csv [2026-04-21 22:11:39] --END--
2026-04-21 22:14:12,WarehouseFlow,https://github.com/deka1105/WarehouseFlow.git,NodeApp/public/favicon.png,created,failed,"error: RPC failed; HTTP 400 curl 22 The requested URL returned error: 400
send-pack: unexpected disconnect while reading sideband packet
fatal: the remote end hung up unexpectedly
Everything up-to-date --END--"
2026-04-21 22:14:13,GitHub AutoPush Analytics,https://github.com/deka1105/GitHub-AutoPush-Analytics.git,push_log.csv,modified,success,auto-push: push_log.csv [2026-04-21 22:14:12] --END--
2026-04-21 22:14:21,WarehouseFlow,https://github.com/deka1105/WarehouseFlow.git,NodeApp/views/index.ejs,modified,failed,"error: RPC failed; HTTP 400 curl 22 The requested URL returned error: 400
send-pack: unexpected disconnect while reading sideband packet
fatal: the remote end hung up unexpectedly
Everything up-to-date --END--"
